{
  "Exp1": {
    "epoch": [
      1,
      2,
      3,
      4,
      5,
      6,
      7,
      8,
      9,
      10,
      11,
      12
    ],
    "train_loss": [
      0.5064500460667269,
      0.10290196278531637,
      0.06802914487286693,
      0.0489839207671494,
      0.03822850635585685,
      0.03176435652432875,
      0.025517132070935554,
      0.021499801474856212,
      0.018217590483725957,
      0.015675237723764786,
      0.011816024446826695,
      0.01054699266916335
    ],
    "train_acc": [
      0.8446428571428571,
      0.9682738095238095,
      0.9788988095238095,
      0.9845238095238096,
      0.987827380952381,
      0.9898511904761905,
      0.9920238095238095,
      0.9930952380952381,
      0.9944940476190476,
      0.9951488095238096,
      0.9963392857142858,
      0.996875
    ],
    "val_loss": [
      0.14597046900363195,
      0.08399034693127587,
      0.07583237407462938,
      0.07408899609531674,
      0.05514612225194772,
      0.05126137799805119,
      0.04713485013693571,
      0.05258086307240384,
      0.04776970886581001,
      0.04592247659783988,
      0.052095017355556286,
      0.051612730638257096
    ],
    "val_acc": [
      0.9557142857142857,
      0.9742857142857143,
      0.9766666666666667,
      0.9773809523809524,
      0.9814285714285714,
      0.9823809523809524,
      0.9842857142857143,
      0.9845238095238096,
      0.9842857142857143,
      0.9857142857142858,
      0.9852380952380952,
      0.9842857142857143
    ],
    "learning_rate": [
      0.01,
      0.01,
      0.01,
      0.01,
      0.01,
      0.01,
      0.01,
      0.01,
      0.01,
      0.01,
      0.01,
      0.01
    ]
  },
  "Exp2": {
    "epoch": [
      1,
      2,
      3,
      4,
      5,
      6,
      7,
      8,
      9,
      10,
      11,
      12
    ],
    "train_loss": [
      0.2531115994194434,
      0.06205252752683702,
      0.041280711464406476,
      0.029981104842098875,
      0.023141098579369662,
      0.018033515465240704,
      0.01425602994839816,
      0.012266838654593033,
      0.011003796891073718,
      0.007042756057458714,
      0.007324787454322393,
      0.006471886355800615
    ],
    "train_acc": [
      0.923125,
      0.9808035714285714,
      0.986845238095238,
      0.9904464285714286,
      0.9929464285714286,
      0.9940476190476191,
      0.9952380952380953,
      0.9960416666666667,
      0.9962202380952381,
      0.9977678571428571,
      0.9977380952380952,
      0.9976785714285714
    ],
    "val_loss": [
      0.11937171405269986,
      0.07004866832778567,
      0.07134397085401274,
      0.049947303528232234,
      0.051207202551442954,
      0.04939457190622176,
      0.04983105567405887,
      0.04846567859141422,
      0.05980096967026059,
      0.05594505145524939,
      0.06769105575801361,
      0.03846348960538827
    ],
    "val_acc": [
      0.9647619047619047,
      0.9773809523809524,
      0.9795238095238096,
      0.9835714285714285,
      0.9838095238095238,
      0.9859523809523809,
      0.9857142857142858,
      0.9859523809523809,
      0.9835714285714285,
      0.9842857142857143,
      0.9833333333333333,
      0.9897619047619047
    ],
    "learning_rate": [
      0.001,
      0.001,
      0.001,
      0.001,
      0.001,
      0.001,
      0.001,
      0.001,
      0.001,
      0.001,
      0.001,
      0.001
    ]
  },
  "Exp3": {
    "epoch": [
      1,
      2,
      3,
      4,
      5,
      6,
      7,
      8,
      9
    ],
    "train_loss": [
      0.31568561261608485,
      0.07636128512166795,
      0.05193661266494365,
      0.03706013158495937,
      0.03030370849051646,
      0.023240627576597034,
      0.018391570224471035,
      0.015659419523685107,
      0.01150259825068393
    ],
    "train_acc": [
      0.9046130952380952,
      0.976845238095238,
      0.9836607142857143,
      0.9882738095238095,
      0.9906547619047619,
      0.9924404761904762,
      0.9944047619047619,
      0.994702380952381,
      0.9965773809523809
    ],
    "val_loss": [
      0.1175047289331754,
      0.07557884162380582,
      0.07806092991715385,
      0.06065739530892599,
      0.050192530353864034,
      0.03800172939187004,
      0.043592879481258846,
      0.038205445190625534,
      0.06066790315366927
    ],
    "val_acc": [
      0.9654761904761905,
      0.9759523809523809,
      0.974047619047619,
      0.9797619047619047,
      0.9840476190476191,
      0.9883333333333333,
      0.9876190476190476,
      0.9878571428571429,
      0.9821428571428571
    ],
    "learning_rate": [
      0.001,
      0.001,
      0.001,
      0.001,
      0.001,
      0.001,
      0.001,
      0.001,
      0.001
    ]
  },
  "Exp4": {
    "epoch": [
      1,
      2,
      3,
      4,
      5,
      6,
      7,
      8,
      9
    ],
    "train_loss": [
      0.44534029117652346,
      0.12961936748453548,
      0.09341994898482447,
      0.07403818032659945,
      0.06470819299508418,
      0.055191720157994756,
      0.04870620802976191,
      0.04447632363176949,
      0.042807375606304654
    ],
    "train_acc": [
      0.8585416666666666,
      0.9596130952380952,
      0.9710416666666667,
      0.9763095238095238,
      0.9796130952380953,
      0.9834226190476191,
      0.9851785714285715,
      0.9865773809523809,
      0.9861904761904762
    ],
    "val_loss": [
      0.11911285637390046,
      0.07086363000174363,
      0.05909149390246187,
      0.040340266332385084,
      0.04222808892705611,
      0.03539684737810776,
      0.03898170956898303,
      0.06937241008549574,
      0.04090482202757682
    ],
    "val_acc": [
      0.9628571428571429,
      0.9759523809523809,
      0.9814285714285714,
      0.9859523809523809,
      0.9859523809523809,
      0.9895238095238095,
      0.9890476190476191,
      0.9809523809523809,
      0.9873809523809524
    ],
    "learning_rate": [
      0.001,
      0.001,
      0.001,
      0.001,
      0.001,
      0.001,
      0.001,
      0.001,
      0.001
    ]
  }
}